<?xml version="1.0" encoding="utf-8"?>
<!--/387701/1223648/2.50/20/3/Integrated Circuit/-->
<quadcept_library>
  <setting unit="mil" />
  <textstyle name="Default" height="47.244094488189" strokewidth="7.8740157480315" charwidth="47.244094488189" />
  <textstyle name="Dimension" height="19.6850393700787" strokewidth="0" charwidth="19.6850393700787" />
  <textstyle name="H127W0635TH00762" height="50" strokewidth="3" charwidth="25" />
  <textstyle name="H15W15TH02" height="59.0551181102362" strokewidth="7.8740157480315" charwidth="59.0551181102362" />
  <padstyle name="r170.5_45" surface="True" plated="False" isvia="False" nopaste="False" nomask="True" complex="False" holesize="0">
    <padshape layer="TOP" shape="rectangle" width="17.716535433071" height="67.125984251968" />
    <padshape layer="TOP_SOLDER_MASK" shape="rectangle" width="25.590551181102" height="74.999999999999" />
    <padshape layer="TOP_SOLDER_PASTE" shape="rectangle" width="17.716535433071" height="67.125984251968" />
  </padstyle>
  <footprint name="SOP65P778X199-20N" originx="0" originy="0" pickpointx="0" pickpointy="0">
    <pcbpin number="1" name="1" style="r170.5_45" originx="-137.71653543307" originy="115.15748031496" rotation="90" />
    <pcbpin number="2" name="2" style="r170.5_45" originx="-137.71653543307" originy="89.566929133857" rotation="90" />
    <pcbpin number="3" name="3" style="r170.5_45" originx="-137.71653543307" originy="63.976377952755" rotation="90" />
    <pcbpin number="4" name="4" style="r170.5_45" originx="-137.71653543307" originy="38.385826771653" rotation="90" />
    <pcbpin number="5" name="5" style="r170.5_45" originx="-137.71653543307" originy="12.795275590551" rotation="90" />
    <pcbpin number="6" name="6" style="r170.5_45" originx="-137.71653543307" originy="-12.795275590551" rotation="90" />
    <pcbpin number="7" name="7" style="r170.5_45" originx="-137.71653543307" originy="-38.385826771653" rotation="90" />
    <pcbpin number="8" name="8" style="r170.5_45" originx="-137.71653543307" originy="-63.976377952755" rotation="90" />
    <pcbpin number="9" name="9" style="r170.5_45" originx="-137.71653543307" originy="-89.566929133857" rotation="90" />
    <pcbpin number="10" name="10" style="r170.5_45" originx="-137.71653543307" originy="-115.15748031496" rotation="90" />
    <pcbpin number="11" name="11" style="r170.5_45" originx="137.71653543307" originy="-115.15748031496" rotation="90" />
    <pcbpin number="12" name="12" style="r170.5_45" originx="137.71653543307" originy="-89.566929133857" rotation="90" />
    <pcbpin number="13" name="13" style="r170.5_45" originx="137.71653543307" originy="-63.976377952755" rotation="90" />
    <pcbpin number="14" name="14" style="r170.5_45" originx="137.71653543307" originy="-38.385826771653" rotation="90" />
    <pcbpin number="15" name="15" style="r170.5_45" originx="137.71653543307" originy="-12.795275590551" rotation="90" />
    <pcbpin number="16" name="16" style="r170.5_45" originx="137.71653543307" originy="12.795275590551" rotation="90" />
    <pcbpin number="17" name="17" style="r170.5_45" originx="137.71653543307" originy="38.385826771653" rotation="90" />
    <pcbpin number="18" name="18" style="r170.5_45" originx="137.71653543307" originy="63.976377952755" rotation="90" />
    <pcbpin number="19" name="19" style="r170.5_45" originx="137.71653543307" originy="89.566929133857" rotation="90" />
    <pcbpin number="20" name="20" style="r170.5_45" originx="137.71653543307" originy="115.15748031496" rotation="90" />
    <line layer="TOP_PLACE_BOUND" originx="-181.10236220472" originy="154.13385826771" endx="181.10236220472" endy="154.13385826771" width="1.9685039370079" />
    <line layer="TOP_PLACE_BOUND" originx="181.10236220472" originy="154.13385826771" endx="181.10236220472" endy="-154.13385826771" width="1.9685039370079" />
    <line layer="TOP_PLACE_BOUND" originx="181.10236220472" originy="-154.13385826771" endx="-181.10236220472" endy="-154.13385826771" width="1.9685039370079" />
    <line layer="TOP_PLACE_BOUND" originx="-181.10236220472" originy="-154.13385826771" endx="-181.10236220472" endy="154.13385826771" width="1.9685039370079" />
    <line layer="TOP_ASSEMBLY" originx="-104.13385826772" originy="141.73228346457" endx="104.13385826772" endy="141.73228346457" width="3.9370078740157" />
    <line layer="TOP_ASSEMBLY" originx="104.13385826772" originy="141.73228346457" endx="104.13385826772" endy="-141.73228346457" width="3.9370078740157" />
    <line layer="TOP_ASSEMBLY" originx="104.13385826772" originy="-141.73228346457" endx="-104.13385826772" endy="-141.73228346457" width="3.9370078740157" />
    <line layer="TOP_ASSEMBLY" originx="-104.13385826772" originy="-141.73228346457" endx="-104.13385826772" endy="141.73228346457" width="3.9370078740157" />
    <line layer="TOP_ASSEMBLY" originx="-104.13385826772" originy="116.14173228346" endx="-78.543307086613" endy="141.73228346457" width="3.9370078740157" />
    <line layer="TOP_SILKSCREEN" originx="-90.35433070866" originy="141.73228346457" endx="90.35433070866" endy="141.73228346457" width="7.8740157480314" />
    <line layer="TOP_SILKSCREEN" originx="90.35433070866" originy="141.73228346457" endx="90.35433070866" endy="-141.73228346457" width="7.8740157480314" />
    <line layer="TOP_SILKSCREEN" originx="90.35433070866" originy="-141.73228346457" endx="-90.35433070866" endy="-141.73228346457" width="7.8740157480314" />
    <line layer="TOP_SILKSCREEN" originx="-90.35433070866" originy="-141.73228346457" endx="-90.35433070866" endy="141.73228346457" width="7.8740157480314" />
    <line layer="TOP_SILKSCREEN" originx="-171.25984251968" originy="137.79527559055" endx="-104.13385826772" endy="137.79527559055" width="7.8740157480314" />
  </footprint>
  <symbol name="MAX3222EAP+" originx="0" originy="0">
    <line originx="200" originy="100" endx="1100" endy="100" width="0" />
    <line originx="1100" originy="-1000" endx="1100" endy="100" width="0" />
    <line originx="1100" originy="-1000" endx="200" endy="-1000" width="0" />
    <line originx="200" originy="100" endx="200" endy="-1000" width="0" />
    <sympin number="1" originx="200" originy="0" rotation="180" length="100" width="7.8740157480315" flipped="False">
      <text name="pinname" originx="230" originy="0" style="Default" rotation="0" justify="left" flipped="False" hidden="False" data="\EN" />
      <text name="pindes" originx="140" originy="20" style="Default" rotation="0" justify="lowerright" flipped="False" hidden="False" data="1" />
    </sympin>
    <sympin number="2" originx="200" originy="-100" rotation="180" length="100" width="7.8740157480315" flipped="False">
      <text name="pinname" originx="230" originy="-100" style="Default" rotation="0" justify="left" flipped="False" hidden="False" data="C1+" />
      <text name="pindes" originx="140" originy="-80" style="Default" rotation="0" justify="lowerright" flipped="False" hidden="False" data="2" />
    </sympin>
    <sympin number="3" originx="200" originy="-200" rotation="180" length="100" width="7.8740157480315" flipped="False">
      <text name="pinname" originx="230" originy="-200" style="Default" rotation="0" justify="left" flipped="False" hidden="False" data="V+" />
      <text name="pindes" originx="140" originy="-180" style="Default" rotation="0" justify="lowerright" flipped="False" hidden="False" data="3" />
    </sympin>
    <sympin number="4" originx="200" originy="-300" rotation="180" length="100" width="7.8740157480315" flipped="False">
      <text name="pinname" originx="230" originy="-300" style="Default" rotation="0" justify="left" flipped="False" hidden="False" data="C1-" />
      <text name="pindes" originx="140" originy="-280" style="Default" rotation="0" justify="lowerright" flipped="False" hidden="False" data="4" />
    </sympin>
    <sympin number="5" originx="200" originy="-400" rotation="180" length="100" width="7.8740157480315" flipped="False">
      <text name="pinname" originx="230" originy="-400" style="Default" rotation="0" justify="left" flipped="False" hidden="False" data="C2+" />
      <text name="pindes" originx="140" originy="-380" style="Default" rotation="0" justify="lowerright" flipped="False" hidden="False" data="5" />
    </sympin>
    <sympin number="6" originx="200" originy="-500" rotation="180" length="100" width="7.8740157480315" flipped="False">
      <text name="pinname" originx="230" originy="-500" style="Default" rotation="0" justify="left" flipped="False" hidden="False" data="C2-" />
      <text name="pindes" originx="140" originy="-480" style="Default" rotation="0" justify="lowerright" flipped="False" hidden="False" data="6" />
    </sympin>
    <sympin number="7" originx="200" originy="-600" rotation="180" length="100" width="7.8740157480315" flipped="False">
      <text name="pinname" originx="230" originy="-600" style="Default" rotation="0" justify="left" flipped="False" hidden="False" data="V-" />
      <text name="pindes" originx="140" originy="-580" style="Default" rotation="0" justify="lowerright" flipped="False" hidden="False" data="7" />
    </sympin>
    <sympin number="8" originx="200" originy="-700" rotation="180" length="100" width="7.8740157480315" flipped="False">
      <text name="pinname" originx="230" originy="-700" style="Default" rotation="0" justify="left" flipped="False" hidden="False" data="T2OUT" />
      <text name="pindes" originx="140" originy="-680" style="Default" rotation="0" justify="lowerright" flipped="False" hidden="False" data="8" />
    </sympin>
    <sympin number="9" originx="200" originy="-800" rotation="180" length="100" width="7.8740157480315" flipped="False">
      <text name="pinname" originx="230" originy="-800" style="Default" rotation="0" justify="left" flipped="False" hidden="False" data="R2IN" />
      <text name="pindes" originx="140" originy="-780" style="Default" rotation="0" justify="lowerright" flipped="False" hidden="False" data="9" />
    </sympin>
    <sympin number="10" originx="200" originy="-900" rotation="180" length="100" width="7.8740157480315" flipped="False">
      <text name="pinname" originx="230" originy="-900" style="Default" rotation="0" justify="left" flipped="False" hidden="False" data="R2OUT" />
      <text name="pindes" originx="140" originy="-880" style="Default" rotation="0" justify="lowerright" flipped="False" hidden="False" data="10" />
    </sympin>
    <sympin number="20" originx="1100" originy="0" rotation="0" length="100" width="7.8740157480315" flipped="False">
      <text name="pinname" originx="1070" originy="0" style="Default" rotation="0" justify="right" flipped="False" hidden="False" data="\SHDN" />
      <text name="pindes" originx="1160" originy="20" style="Default" rotation="0" justify="lowerleft" flipped="False" hidden="False" data="20" />
    </sympin>
    <sympin number="19" originx="1100" originy="-100" rotation="0" length="100" width="7.8740157480315" flipped="False">
      <text name="pinname" originx="1070" originy="-100" style="Default" rotation="0" justify="right" flipped="False" hidden="False" data="VCC" />
      <text name="pindes" originx="1160" originy="-80" style="Default" rotation="0" justify="lowerleft" flipped="False" hidden="False" data="19" />
    </sympin>
    <sympin number="18" originx="1100" originy="-200" rotation="0" length="100" width="7.8740157480315" flipped="False">
      <text name="pinname" originx="1070" originy="-200" style="Default" rotation="0" justify="right" flipped="False" hidden="False" data="GND" />
      <text name="pindes" originx="1160" originy="-180" style="Default" rotation="0" justify="lowerleft" flipped="False" hidden="False" data="18" />
    </sympin>
    <sympin number="17" originx="1100" originy="-300" rotation="0" length="100" width="7.8740157480315" flipped="False">
      <text name="pinname" originx="1070" originy="-300" style="Default" rotation="0" justify="right" flipped="False" hidden="False" data="T1OUT" />
      <text name="pindes" originx="1160" originy="-280" style="Default" rotation="0" justify="lowerleft" flipped="False" hidden="False" data="17" />
    </sympin>
    <sympin number="16" originx="1100" originy="-400" rotation="0" length="100" width="7.8740157480315" flipped="False">
      <text name="pinname" originx="1070" originy="-400" style="Default" rotation="0" justify="right" flipped="False" hidden="False" data="R1IN" />
      <text name="pindes" originx="1160" originy="-380" style="Default" rotation="0" justify="lowerleft" flipped="False" hidden="False" data="16" />
    </sympin>
    <sympin number="15" originx="1100" originy="-500" rotation="0" length="100" width="7.8740157480315" flipped="False">
      <text name="pinname" originx="1070" originy="-500" style="Default" rotation="0" justify="right" flipped="False" hidden="False" data="R1OUT" />
      <text name="pindes" originx="1160" originy="-480" style="Default" rotation="0" justify="lowerleft" flipped="False" hidden="False" data="15" />
    </sympin>
    <sympin number="14" originx="1100" originy="-600" rotation="0" length="100" width="7.8740157480315" flipped="False">
      <text name="pinname" originx="1070" originy="-600" style="Default" rotation="0" justify="right" flipped="False" hidden="False" data="N.C._2" />
      <text name="pindes" originx="1160" originy="-580" style="Default" rotation="0" justify="lowerleft" flipped="False" hidden="False" data="14" />
    </sympin>
    <sympin number="13" originx="1100" originy="-700" rotation="0" length="100" width="7.8740157480315" flipped="False">
      <text name="pinname" originx="1070" originy="-700" style="Default" rotation="0" justify="right" flipped="False" hidden="False" data="T1IN" />
      <text name="pindes" originx="1160" originy="-680" style="Default" rotation="0" justify="lowerleft" flipped="False" hidden="False" data="13" />
    </sympin>
    <sympin number="12" originx="1100" originy="-800" rotation="0" length="100" width="7.8740157480315" flipped="False">
      <text name="pinname" originx="1070" originy="-800" style="Default" rotation="0" justify="right" flipped="False" hidden="False" data="T2IN" />
      <text name="pindes" originx="1160" originy="-780" style="Default" rotation="0" justify="lowerleft" flipped="False" hidden="False" data="12" />
    </sympin>
    <sympin number="11" originx="1100" originy="-900" rotation="0" length="100" width="7.8740157480315" flipped="False">
      <text name="pinname" originx="1070" originy="-900" style="Default" rotation="0" justify="right" flipped="False" hidden="False" data="N.C._1" />
      <text name="pindes" originx="1160" originy="-880" style="Default" rotation="0" justify="lowerleft" flipped="False" hidden="False" data="11" />
    </sympin>
  </symbol>
  <component name="MAX3222EAP+" designatorprefix="IC" height="78.346456692912" footprint="SOP65P778X199-20N">
    <comppin designator="1" sympin="1" pinswap="0" gateswap="0" gate="1" group="1" side="" type="Any" name="|EN" />
    <comppin designator="2" sympin="2" pinswap="0" gateswap="0" gate="1" group="1" side="" type="Any" name="C1+" />
    <comppin designator="3" sympin="3" pinswap="0" gateswap="0" gate="1" group="1" side="" type="Any" name="V+" />
    <comppin designator="4" sympin="4" pinswap="0" gateswap="0" gate="1" group="1" side="" type="Any" name="C1-" />
    <comppin designator="5" sympin="5" pinswap="0" gateswap="0" gate="1" group="1" side="" type="Any" name="C2+" />
    <comppin designator="6" sympin="6" pinswap="0" gateswap="0" gate="1" group="1" side="" type="Any" name="C2-" />
    <comppin designator="7" sympin="7" pinswap="0" gateswap="0" gate="1" group="1" side="" type="Any" name="V-" />
    <comppin designator="8" sympin="8" pinswap="0" gateswap="0" gate="1" group="1" side="" type="Any" name="T2OUT" />
    <comppin designator="9" sympin="9" pinswap="0" gateswap="0" gate="1" group="1" side="" type="Any" name="R2IN" />
    <comppin designator="10" sympin="10" pinswap="0" gateswap="0" gate="1" group="1" side="" type="Any" name="R2OUT" />
    <comppin designator="11" sympin="11" pinswap="0" gateswap="0" gate="1" group="1" side="" type="Any" name="N.C._1" />
    <comppin designator="12" sympin="12" pinswap="0" gateswap="0" gate="1" group="1" side="" type="Any" name="T2IN" />
    <comppin designator="13" sympin="13" pinswap="0" gateswap="0" gate="1" group="1" side="" type="Any" name="T1IN" />
    <comppin designator="14" sympin="14" pinswap="0" gateswap="0" gate="1" group="1" side="" type="Any" name="N.C._2" />
    <comppin designator="15" sympin="15" pinswap="0" gateswap="0" gate="1" group="1" side="" type="Any" name="R1OUT" />
    <comppin designator="16" sympin="16" pinswap="0" gateswap="0" gate="1" group="1" side="" type="Any" name="R1IN" />
    <comppin designator="17" sympin="17" pinswap="0" gateswap="0" gate="1" group="1" side="" type="Any" name="T1OUT" />
    <comppin designator="18" sympin="18" pinswap="0" gateswap="0" gate="1" group="1" side="" type="Any" name="GND" />
    <comppin designator="19" sympin="19" pinswap="0" gateswap="0" gate="1" group="1" side="" type="Any" name="VCC" />
    <comppin designator="20" sympin="20" pinswap="0" gateswap="0" gate="1" group="1" side="" type="Any" name="|SHDN" />
    <attached_symbol gate="1" name="MAX3222EAP+" />
    <pinmap designator="1" footprintpin="1" />
    <pinmap designator="2" footprintpin="2" />
    <pinmap designator="3" footprintpin="3" />
    <pinmap designator="4" footprintpin="4" />
    <pinmap designator="5" footprintpin="5" />
    <pinmap designator="6" footprintpin="6" />
    <pinmap designator="7" footprintpin="7" />
    <pinmap designator="8" footprintpin="8" />
    <pinmap designator="9" footprintpin="9" />
    <pinmap designator="10" footprintpin="10" />
    <pinmap designator="11" footprintpin="11" />
    <pinmap designator="12" footprintpin="12" />
    <pinmap designator="13" footprintpin="13" />
    <pinmap designator="14" footprintpin="14" />
    <pinmap designator="15" footprintpin="15" />
    <pinmap designator="16" footprintpin="16" />
    <pinmap designator="17" footprintpin="17" />
    <pinmap designator="18" footprintpin="18" />
    <pinmap designator="19" footprintpin="19" />
    <pinmap designator="20" footprintpin="20" />
    <text name="Datasheet" originx="0" originy="0" style="Default" rotation="0" justify="" flipped="False" hidden="True" data="https://datasheets.maximintegrated.com/en/ds/MAX3222-MAX3241.pdf" />
    <text name="Description" originx="0" originy="0" style="Default" rotation="0" justify="" flipped="False" hidden="True" data="Maxim MAX3222EAP+, Line Transceiver, EIA/TIA-232/ EIA/TIA-562/ RS-232 2-TX 2-RX 2-TRX, 3  5.5 V, 20-Pin SSOP" />
    <text name="Mouser Part Number" originx="0" originy="0" style="Default" rotation="0" justify="" flipped="False" hidden="True" data="700-MAX3222EAP" />
    <text name="Mouser Price/Stock" originx="0" originy="0" style="Default" rotation="0" justify="" flipped="False" hidden="True" data="https://www.mouser.co.uk/ProductDetail/Maxim-Integrated/MAX3222EAP%2b?qs=1THa7WoU59H53EvzBJAQXg%3D%3D" />
    <text name="Manufacturer_Name" originx="0" originy="0" style="Default" rotation="0" justify="" flipped="False" hidden="True" data="Analog Devices" />
    <text name="Manufacturer_Part_Number" originx="1150" originy="200" style="Default" rotation="0" justify="left" flipped="False" hidden="False" data="MAX3222EAP+" />
  </component>
</quadcept_library>
